{"cameraMode":{"drawMode":0,"name":"Shaded","section":"Shading Mode"},"sceneLighting":true,"audioPlay":false,"sceneViewState":{"showFog":true,"showMaterialUpdate":false,"showSkybox":true,"showFlares":true,"showImageEffects":true,"showParticleSystems":true},"in2DMode":false,"pivot":{"x":-64.96562194824219,"y":-3.5815582275390627,"z":-35.183990478515628},"rotation":{"x":0.0013915185118094087,"y":0.9067369103431702,"z":-0.42168956995010378,"w":0.0029931110329926016},"size":139.70314025878907,"orthographic":false}