{"cameraMode":{"drawMode":0,"name":"Shaded","section":"Shading Mode"},"sceneLighting":true,"audioPlay":false,"sceneViewState":{"showFog":true,"showMaterialUpdate":false,"showSkybox":true,"showFlares":true,"showImageEffects":true,"showParticleSystems":true},"in2DMode":false,"pivot":{"x":-212.84986877441407,"y":-77.06312561035156,"z":-138.2289581298828},"rotation":{"x":-0.9437467455863953,"y":-0.04920578747987747,"z":0.16296574473381043,"w":-0.2835370898246765},"size":240.80081176757813,"orthographic":true}